state_abbr,state_name,findings_n,studies_n,interventions_n,mean_effect_size_wwc,median_effect_size_wwc,pct_positive_effect_size,mean_improvement_index
NY,New York,820,53,18,0.1739872736807158,0.109209251251844,74.90118577075098,6.446115288220551
NJ,New Jersey,216,21,5,0.19719653489133573,0.135799901912702,71.1864406779661,7.075757575757576
CA,California,1000,83,23,0.11215099513253003,0.0597245072818717,67.39864864864865,4.943254817987152
TX,Texas,1067,85,23,0.13795759515239686,0.0775679641200909,69.58981612446959,4.9765625
